<?xml version="1.0"?>

<pyDCPUModuleMeta version="0.2.0" root="True">
	<Author>Hannes Matuschek &lt;hmatuschek@gmx.net&gt;</Author>
	<LastUpdate>2005-06-09</LastUpdate>
	<URL>http://pplt.berlios.de</URL>

	<Description lang="de">Dieses Modul kann webseiten lesen.</Description>
	<Description lang="en">This module can fetch websites.</Description>
	
	<Require>
		<ChildAddress>True</ChildAddress>
		<pyDCPUVersion>0.2.0</pyDCPUVersion>
		<PythonVersion>2.3.0</PythonVersion>
		
		<PythonModule>httplib</PythonModule>
		<Parameter name="Address" duty="False" default="127.0.0.1"/>
		<Parameter name="port" duty="False" default="80"/>
		<Parameter name="host" duty="True" default="pplt.berlios.de"/>
	</Require>
</pyDCPUModuleMeta>
