<?xml version="1.0"?>

<pyDCPUModuleMeta version="0.2.0" root="True">
	<Author>Hannes Matuschek &lt;hmatuschek@gmx.net&gt;</Author>
	<LastUpdate>2005-06-09</LastUpdate>
	<URL>http://pplt.berlios.de</URL>

	<Description lang="de">Dieses Modul kann EMails senden.</Description>
	<Description lang="en">This module can send e-mails.</Description>
	
	<Require>
		<ChildAddress>True</ChildAddress>
		<pyDCPUVersion>0.2.0</pyDCPUVersion>
		<PythonVersion>2.3.0</PythonVersion>
		
		<PythonModule>smtplib</PythonModule>
		<PythonModule>binascii</PythonModule>

		<Parameter name="port" duty="False" default="25"/>
		<Parameter name="host" duty="True" default=""/>
		<Parameter name="from" duty="True" default=""/>
	</Require>
</pyDCPUModuleMeta>
