<?xml version="1.0"?>

<pyDCPUModuleMeta version="0.9.0" root="False">
	<Author>Hannes Matuschek &lt;hmatuschek@gmx.net&gt;</Author>
	<LastUpdate>2005-06-09</LastUpdate>
	<URL>http://pplt.berlios.de</URL>

	<Description lang="de">Dieses Module implementiert die Kommandos, mit denen
	die Siemens SIMATIC S7-200 (300?) getsteuert werden kann.</Description>
	<Description lang="en">This module implements the commands to control
	a Siemens SIMATIC S7-200 (300?).</Description>
	
	<Require>
		<ChildAddress>True</ChildAddress>   <!--FIXME ChildAddress is obsolete//-->>
		<pyDCPUVersion>0.9.0</pyDCPUVersion>
		<PythonVersion>2.3.0</PythonVersion>
		
		<PythonModule>struct</PythonModule>
		<PythonModule>re</PythonModule>
	</Require>
</pyDCPUModuleMeta>
