<?xml version="1.0"?>

<pyDCPUModuleMeta version="0.4.0" root="False">
	<Author>Hannes Matuschek &lt;hmatuschek@gmx.net&gt;</Author>
	<LastUpdate>2005-06-09</LastUpdate>
	<URL>http://pplt.berlios.de</URL>

	<Description lang="de">Mit diesem Modul können sie den Imagechecker
	NAiS A200 steuern und dessen Ergebnisse empfangen.</Description>
	<Description lang="en">With this module you can control the imagechecker
	NAiS A200 and recive the results.</Description>
	
	<Require>
		<ChildAddress>True</ChildAddress>
		<pyDCPUVersion>0.4.0</pyDCPUVersion>
		<PythonVersion>2.3.0</PythonVersion>
		
		<PythonModule>struct</PythonModule>
		<PythonModule>logging</PythonModule>
	</Require>
</pyDCPUModuleMeta>
