<?xml version="1.0"?>

<pyDCPUModuleMeta version="0.4.0" root="True">
	<Author>Hannes Matuschek &lt;hmatuschek@gmx.net&gt;</Author>
	<LastUpdate>2005-06-09</LastUpdate>
	<URL>http://pplt.berlios.de/Modules/CoreModules</URL>

	<Description lang="de">Dieses Module erzeugt Zufallswerte in verschiedenen 
	Typen.</Description>
	<Description lang="en">This module creates random-numbers in different 
	types.</Description>
	
	<Require>
		<ChildAddress>True</ChildAddress>
		<pyDCPUVersion>0.4.0</pyDCPUVersion>
		<PythonVersion>2.3.0</PythonVersion>
		
		<PythonModule>struct</PythonModule>
        <PythonModule>xdrlib</PythonModule>
		<PythonModule>random</PythonModule>
	</Require>
</pyDCPUModuleMeta>
