<?xml version="1.0"?>

<pyDCPUModuleMeta version="0.3.0" root="False">
	<Author>Hannes Matuschek &lt;hmatuschek@gmx.net&gt;</Author>
	<LastUpdate>2005-06-09</LastUpdate>
	<URL>http://pplt.berlios.de</URL>

	<Description lang="de">Mit diesem Gerät können sie Werte eines GSM kompatiblen 
	Mobiltelefons auslesen. Zum Beispiel den Batteriestand,...</Description>
	<Description lang="en">With this module you can read out values of a GSM 
	compatible mobilephone.</Description>
	
	<Require>
		<ChildAddress>True</ChildAddress>
		<pyDCPUVersion>0.9.0</pyDCPUVersion>
		<PythonVersion>2.4.0</PythonVersion>
		
		<PythonModule>struct</PythonModule>
	</Require>
</pyDCPUModuleMeta>
