<?xml version="1.0"?>

<pyDCPUModuleMeta version="0.2.0" root="True">
	<Author>Hannes Matuschek &lt;hmatuschek@gmx.net&gt;</Author>
	<LastUpdate>2005-06-09</LastUpdate>
	<URL>http://pplt.berlios.de</URL>

	<Description lang="de">Dieses Module stellt eine Internet (tcp) Verbindung her.</Description>
	<Description lang="en">This module can connect hosts by tcp.</Description>
	
	<Require>
		<ChildAddress>True</ChildAddress>
		<pyDCPUVersion>0.2.0</pyDCPUVersion>
		<PythonVersion>2.3.0</PythonVersion>
		
		<PythonModule>socket</PythonModule>
		<PythonModule>sys</PythonModule>
		<Parameter name="TimeOut" duty="False" default="0.0"/>
	</Require>
</pyDCPUModuleMeta>
