<?xml version="1.0"?>

<pyDCPUModuleMeta version="0.2.0" root="False">
	<Author>Hannes Matuschek &lt;hmatuschek@gmx.net&gt;</Author>
	<LastUpdate>2005-06-09</LastUpdate>
	<URL>http://pplt.berlios.de</URL>

	<Description lang="de">Dieses Module implementiert die Kommandos für die NAiS
	Steuerungen. (MEWTOCOL)</Description>
	<Description lang="en">This Module implements the commands for the NAiS PLCs.
	(MEWTOCOL)</Description>
	
	<Require>
		<ChildAddress>True</ChildAddress>
		<pyDCPUVersion>0.2.0</pyDCPUVersion>
		<PythonVersion>2.3.0</PythonVersion>
		
		<PythonModule>struct</PythonModule>
		<PythonModule>logging</PythonModule>
		<PythonModule>re</PythonModule>
	</Require>
</pyDCPUModuleMeta>
