<?xml version="1.0"?>

<pyDCPUModuleMeta version="0.4.0" root="False">
	<Author>Hannes Matuschek &lt;hmatuschek@gmx.net&gt;</Author>
	<LastUpdate>2005-06-09</LastUpdate>
	<URL>http://pplt.berlios.de</URL>

	<Description lang="de">Dieses Modul imlpementiert die Kommandos für die 
	Agilen 5462x Oszilliskope.</Description>
	<Description lang="en">This module implements the commands for the Agilen
	5462x oscilloscopes.</Description>
	
	<Require>
		<ChildAddress>True</ChildAddress>
		<pyDCPUVersion>0.4.0</pyDCPUVersion>
		<PythonVersion>2.3.0</PythonVersion>
		
		<PythonModule>struct</PythonModule>
		<PythonModule>re</PythonModule>
		<PythonModule>string</PythonModule>
		<Parameter name="PSource" duty="True" default="A1"/>
		<Parameter name="SSource" duty="True" default="A2"/>
	</Require>
</pyDCPUModuleMeta>
