<?xml version="1.0"?>

<pyDCPUModuleMeta version="0.2.0" root="False">
	<Author>Hannes Matuschek &lt;hmatuschek@gmx.net&gt;</Author>
	<LastUpdate>2005-06-09</LastUpdate>
	<URL>http://pplt.berlios.de</URL>

	<Description lang="de">Liest zeilenweise.</Description>
	<Description lang="en">Reads line for line.</Description>
	
	<Require>
		<ChildAddress>False</ChildAddress>
		<pyDCPUVersion>0.2.0</pyDCPUVersion>
		<PythonVersion>2.3.0</PythonVersion>
		
		<PythonModule>string</PythonModule>
		<PythonModule>binascii</PythonModule>
		<Parameter name="LineEnd" duty="True" default="0A"/>
	</Require>
</pyDCPUModuleMeta>
