<?xml version="1.0"?>

<pyDCPUModuleMeta version="0.2.0" root="False">
	<Author>Hannes Matuschek &lt;hmatuschek@gmx.net&gt;</Author>
	<LastUpdate>2005-06-09</LastUpdate>
	<URL>http://pplt.berlios.de</URL>

	<Description lang="de">Dieses Module erhebt statistische Informationen über 
	die Daten, die durch dieses Modul laufen.</Description>
	<Description lang="en">This module collects statistic information about
	the data goning throught it.</Description>
	
	<Require>
		<ChildAddress>True</ChildAddress>
		<pyDCPUVersion>0.2.0</pyDCPUVersion>
		<PythonVersion>2.3.0</PythonVersion>
		
		<PythonModule>time</PythonModule>
		<PythonModule>struct</PythonModule>
	</Require>
</pyDCPUModuleMeta>
